https://res.cloudinary.com/ds53z2vv8/image/upload/v1779940947/IMG_8437_w4bdp3.jpg	images/visitacao/IMG_8437.jpg
https://res.cloudinary.com/ds53z2vv8/image/upload/v1779940947/IMG_8439_l3mh8h.jpg	images/visitacao/IMG_8439.jpg
https://res.cloudinary.com/ds53z2vv8/image/upload/v1779940947/IMG_8444_iuxlhe.jpg	images/visitacao/IMG_8444.jpg
https://res.cloudinary.com/ds53z2vv8/image/upload/v1779940947/IMG_8443_n1qnet.jpg	images/visitacao/IMG_8443.jpg
https://res.cloudinary.com/ds53z2vv8/image/upload/v1779940947/IMG_8438_tfm0j6.jpg	images/visitacao/IMG_8438.jpg
https://res.cloudinary.com/ds53z2vv8/image/upload/v1779940948/IMG_8445_fh5wns.jpg	images/visitacao/IMG_8445.jpg
https://res.cloudinary.com/ds53z2vv8/image/upload/v1779940948/IMG_8442_zlmeh7.jpg	images/visitacao/IMG_8442.jpg
https://res.cloudinary.com/ds53z2vv8/image/upload/v1779940948/IMG_8446_mlthcy.jpg	images/visitacao/IMG_8446.jpg
https://res.cloudinary.com/ds53z2vv8/image/upload/v1779940949/IMG_8441_jrzrm7.jpg	images/visitacao/IMG_8441.jpg
https://res.cloudinary.com/ds53z2vv8/image/upload/v1779940949/IMG_8440_rmj9yu.jpg	images/visitacao/IMG_8440.jpg
https://res.cloudinary.com/ds53z2vv8/image/upload/v1779944556/IMG_8508_eixf2q.jpg	images/encontro-templo/IMG_8508.jpg
https://res.cloudinary.com/ds53z2vv8/image/upload/v1779944557/IMG_8509_qacgmq.jpg	images/encontro-templo/IMG_8509.jpg
https://res.cloudinary.com/ds53z2vv8/image/upload/v1779944561/IMG_8512_gw914k.jpg	images/encontro-templo/IMG_8512.jpg
https://res.cloudinary.com/ds53z2vv8/image/upload/v1779977410/IMG_8519_dwhsfa.jpg	images/batismo-jordao/IMG_8519.jpg
https://res.cloudinary.com/ds53z2vv8/image/upload/v1779977410/IMG_8525_uyrgi3.jpg	images/batismo-jordao/IMG_8525.jpg
https://res.cloudinary.com/ds53z2vv8/image/upload/v1779977410/IMG_8521_dbajr9.jpg	images/batismo-jordao/IMG_8521.jpg
https://res.cloudinary.com/ds53z2vv8/image/upload/v1779977410/IMG_8522_ugvcmq.jpg	images/batismo-jordao/IMG_8522.jpg
https://res.cloudinary.com/ds53z2vv8/image/upload/v1779977410/IMG_8523_mhwjjj.jpg	images/batismo-jordao/IMG_8523.jpg
https://res.cloudinary.com/ds53z2vv8/image/upload/v1779977410/IMG_8524_tdyuta.jpg	images/batismo-jordao/IMG_8524.jpg
https://res.cloudinary.com/ds53z2vv8/image/upload/v1779977411/IMG_8520_wufzrl.jpg	images/batismo-jordao/IMG_8520.jpg
https://res.cloudinary.com/ds53z2vv8/image/upload/v1779977411/IMG_8527_uciufs.jpg	images/batismo-jordao/IMG_8527.jpg
https://res.cloudinary.com/ds53z2vv8/image/upload/v1779977411/IMG_8528_reovij.jpg	images/batismo-jordao/IMG_8528.jpg
https://res.cloudinary.com/ds53z2vv8/image/upload/v1779977411/IMG_8530_sw3izi.jpg	images/batismo-jordao/IMG_8530.jpg
https://res.cloudinary.com/ds53z2vv8/image/upload/v1779977411/IMG_8529_tljuhq.jpg	images/batismo-jordao/IMG_8529.jpg
https://res.cloudinary.com/ds53z2vv8/image/upload/v1779977411/IMG_8531_izrdcp.jpg	images/batismo-jordao/IMG_8531.jpg
https://res.cloudinary.com/ds53z2vv8/image/upload/v1779977412/IMG_8533_vycscj.jpg	images/batismo-jordao/IMG_8533.jpg
https://res.cloudinary.com/ds53z2vv8/image/upload/v1779977412/IMG_8532_ig9qct.jpg	images/batismo-jordao/IMG_8532.jpg
https://res.cloudinary.com/ds53z2vv8/image/upload/v1779977412/IMG_8534_z5xkta.jpg	images/batismo-jordao/IMG_8534.jpg
https://res.cloudinary.com/ds53z2vv8/image/upload/v1779978355/IMG_8535_zajspc.jpg	images/bodas-cana/IMG_8535.jpg
https://res.cloudinary.com/ds53z2vv8/image/upload/v1779978355/IMG_8536_nqpana.jpg	images/bodas-cana/IMG_8536.jpg
https://res.cloudinary.com/ds53z2vv8/image/upload/v1779978356/IMG_8539_tezdih.jpg	images/bodas-cana/IMG_8539.jpg
https://res.cloudinary.com/ds53z2vv8/image/upload/v1779978356/IMG_8537_sgxdcm.jpg	images/bodas-cana/IMG_8537.jpg
https://res.cloudinary.com/ds53z2vv8/image/upload/v1779978356/IMG_8542_xmqzvr.jpg	images/bodas-cana/IMG_8542.jpg
https://res.cloudinary.com/ds53z2vv8/image/upload/v1779978356/IMG_8541_m0nmcm.jpg	images/bodas-cana/IMG_8541.jpg
https://res.cloudinary.com/ds53z2vv8/image/upload/v1779978357/IMG_8540_xl2zsp.jpg	images/bodas-cana/IMG_8540.jpg
https://res.cloudinary.com/ds53z2vv8/image/upload/v1779978357/IMG_8544_vpgcuc.jpg	images/bodas-cana/IMG_8544.jpg
https://res.cloudinary.com/ds53z2vv8/image/upload/v1779978357/IMG_8545_tx3sdl.jpg	images/bodas-cana/IMG_8545.jpg
https://res.cloudinary.com/ds53z2vv8/image/upload/v1779978358/IMG_8546_i2dlwn.jpg	images/bodas-cana/IMG_8546.jpg
https://res.cloudinary.com/ds53z2vv8/image/upload/v1783194791/download_21_wjhegc.jpg	images/anuncio-reino/anuncio-reino-01.jpg
https://res.cloudinary.com/ds53z2vv8/image/upload/v1783194877/Giovanni_Battista_Paggi__Transfiguraci%C3%B3n_1596__k8vb8d.jpg	images/transfiguracao/transfiguracao-01.jpg
https://res.cloudinary.com/ds53z2vv8/image/upload/v1783194879/download_22_bxyfj0.jpg	images/transfiguracao/transfiguracao-02.jpg
https://res.cloudinary.com/ds53z2vv8/image/upload/v1783194879/Transfigura%C3%A7%C3%A3o_de_Jesus_no_Monte_Tabor_alog0k.jpg	images/transfiguracao/transfiguracao-03.jpg
https://res.cloudinary.com/ds53z2vv8/image/upload/v1783194045/download_15_phpkqk.jpg	images/instituicao-eucaristia/instituicao-eucaristia-01.jpg
https://res.cloudinary.com/ds53z2vv8/image/upload/v1783194173/download_19_ccdign.jpg	images/instituicao-eucaristia/instituicao-eucaristia-02.jpg
https://res.cloudinary.com/ds53z2vv8/image/upload/v1783194175/download_18_uyjock.jpg	images/instituicao-eucaristia/instituicao-eucaristia-03.jpg
https://res.cloudinary.com/ds53z2vv8/image/upload/v1783194177/download_16_nxmvqm.jpg	images/instituicao-eucaristia/instituicao-eucaristia-04.jpg
https://res.cloudinary.com/ds53z2vv8/image/upload/v1780422355/IMG_8767_qtdxti.jpg	images/carrega-cruz/IMG_8767.jpg
https://res.cloudinary.com/ds53z2vv8/image/upload/v1780422360/IMG_8766_xja7cl.jpg	images/carrega-cruz/IMG_8766.jpg
https://res.cloudinary.com/ds53z2vv8/image/upload/v1780425362/Ressurrei%C3%A7%C3%A3o_de_Jesus_aj7qtm.jpg	images/ressurreicao/ressurreicao-01.jpg
https://res.cloudinary.com/ds53z2vv8/image/upload/v1780519153/WhatsApp_Image_2026-06-03_at_17.25.27_2_mbeyl9.jpg	images/ascensao/ascensao-01.jpg
https://res.cloudinary.com/ds53z2vv8/image/upload/v1780519156/WhatsApp_Image_2026-06-03_at_17.25.27_1_jjuz17.jpg	images/ascensao/ascensao-02.jpg
https://res.cloudinary.com/ds53z2vv8/image/upload/v1780521875/WhatsApp_Image_2026-06-03_at_17.57.44_2_upipqs.jpg	images/espirito-santo/espirito-santo-01.jpg
https://res.cloudinary.com/ds53z2vv8/image/upload/v1780521877/WhatsApp_Image_2026-06-03_at_17.57.44_3_atjreq.jpg	images/espirito-santo/espirito-santo-02.jpg
https://res.cloudinary.com/ds53z2vv8/image/upload/v1783194698/O_Tr%C3%ADptico_do_Esp%C3%ADrito_Santo_na_Capela_de_S__Jo%C3%A3o_Baptista_em_S_wv1hm9.jpg	images/espirito-santo/espirito-santo-03.jpg
https://res.cloudinary.com/ds53z2vv8/image/upload/v1783194699/download_20_idp8ub.jpg	images/espirito-santo/espirito-santo-04.jpg
https://res.cloudinary.com/ds53z2vv8/image/upload/v1780522653/download_8_fnwj4n.jpg	images/assuncao/assuncao-01.jpg
https://res.cloudinary.com/ds53z2vv8/image/upload/v1780522654/Festa_da_Assun%C3%A7%C3%A3o_de_Nossa_Senhora_3_ngp2vy.jpg	images/assuncao/assuncao-02.jpg
https://res.cloudinary.com/ds53z2vv8/image/upload/v1780522642/download_9_ulztzf.jpg	images/coroacao-maria/coroacao-maria-01.jpg
